Планшет Apple iPad Pro 12.9 256 Gb,114843,
Планшет Apple iPad Pro 12.9 5G 256 Gb,123978,
Планшет Apple iPad Pro 11 М2 (2022) 256 Gb серебристый,101357,
Планшет Apple iPad Pro 11 М2 (2022) 256 Gb космический серый,101357,
Планшет Apple iPad Pro 11 М2 (2022) 128 Gb серый,90917,
Планшет Apple iPad Pro 11 М2 (2022) 128 Gb серебристый,90917,
Планшет Apple iPad 10 64 Gb,45241,
Планшет Apple iPad Pro 11 (2022) 256 Gb космический серый,87872,
Планшет Apple iPad Pro 11 (2022) 256 Gb серебристый,87872,
Планшет Apple iPad Pro 11 (2022) 128 Gb серебристый,76127,
Планшет Apple iPad Pro 11 (2022) 128 Gb космический серый,76127,
Планшет Apple iPad Pro 12.9 256 Gb,114843,
Планшет Apple iPad Pro 12.9 5G 256 Gb,123978,
Планшет Apple iPad Pro 11 М2 (2022) 256 Gb серебристый,101357,
Планшет Apple iPad Pro 11 М2 (2022) 256 Gb космический серый,101357,
Планшет Apple iPad Pro 11 М2 (2022) 128 Gb серый,90917,
Планшет Apple iPad Pro 11 М2 (2022) 128 Gb серебристый,90917,
Планшет Apple iPad 10 64 Gb,45241,
Планшет Apple iPad Pro 11 (2022) 256 Gb космический серый,87872,
Планшет Apple iPad Pro 11 (2022) 256 Gb серебристый,87872,
Планшет Apple iPad Pro 11 (2022) 128 Gb серебристый,76127,
Планшет Apple iPad Pro 11 (2022) 128 Gb космический серый,76127,
Ноутбук Foxcon Silver 15.6 ' Intel Celeron J3455 8 Gb DDR4 128 Gb SSD Intel HD Graphics,,
Ноутбук Foxcon Silver 15.6 ' Intel Celeron J3455 8 Gb DDR4 256 Gb SSD Intel HD Graphics,,
Ноутбук Foxcon Silver 15.6 ' Intel Celeron J3455 8 Gb DDR4 500 Gb Intel HD Graphics,,
Ноутбук Foxcon Silver 15.6 ' Intel Celeron J3455 8 Gb DDR4 1000 Gb Intel HD Graphics,,
Ноутбук Foxcon Silver 15.6 ' Intel Celeron J4115 8 Gb DDR4 128 Gb SSD Intel HD Graphics,,
